experiment_name,experiment_uuid,task_group_id,task_id,processing_time,experiment_operation,scheduled_time,task_status
standard_experiment,e4762eb5-722e-4ae8-97b4-aa70dee8be21,1,0,2,A,3,NOT_STARTED
standard_experiment,3a0edad3-c304-44f7-a896-c9d78bd0019c,2,0,2,A,6,NOT_STARTED
standard_experiment,7e872877-5148-4e8b-a995-1da020164344,3,0,2,A,9,NOT_STARTED
standard_experiment,0897931e-6663-4bda-8bc6-c94a218a9ef4,4,0,2,A,12,NOT_STARTED
standard_experiment,a10a6fa7-0bf4-45f8-9fc3-69c702cc176c,0,1,3,B,17,NOT_STARTED
standard_experiment,e4762eb5-722e-4ae8-97b4-aa70dee8be21,1,1,3,B,20,NOT_STARTED
standard_experiment,3a0edad3-c304-44f7-a896-c9d78bd0019c,2,1,3,B,23,NOT_STARTED
standard_experiment,7e872877-5148-4e8b-a995-1da020164344,3,1,3,B,26,NOT_STARTED
standard_experiment,0897931e-6663-4bda-8bc6-c94a218a9ef4,4,1,3,B,29,NOT_STARTED
